{
  "train_loss": [
    1.5971874725073576,
    1.416014140471816,
    1.33800776489079,
    1.276675844565034,
    1.2387512484565377,
    1.216506827622652,
    1.1944945398718119,
    1.1674927128478885,
    1.1502122338861227,
    1.1338012181222439,
    1.108542239293456,
    1.0949051827192307,
    1.0754696559160948,
    1.0597066106274724,
    1.0475143743678927,
    1.0185103183612227,
    1.0053777806460857,
    0.9899558490142226,
    0.9775334764271975,
    0.9645972428843379,
    0.9421756202355027,
    0.9328524023294449,
    0.9157042382284999,
    0.9003577148541808,
    0.8774347249418497,
    0.8633068548515439,
    0.8477551396936178,
    0.8367483532056212,
    0.8116098055616021,
    0.8070522174239159
  ],
  "val_dice": [
    0.08404225053897774,
    0.14072903815650328,
    0.1548946444968581,
    0.16363273058426628,
    0.17301383374224105,
    0.17751865826151753,
    0.18708250700352044,
    0.19479592763853235,
    0.1998058787069127,
    0.21460724242362628,
    0.220521622389584,
    0.23151357027195038,
    0.24537211418067484,
    0.25690082106533013,
    0.2645605624541312,
    0.2687465623383334,
    0.28081849817780613,
    0.29068287240188245,
    0.3128374706496439,
    0.31968576335416493,
    0.32990346057074627,
    0.3308337654864583,
    0.33842007862242435,
    0.3641669701536099,
    0.39109176934578016,
    0.3933773327793082,
    0.4471749625051712,
    0.43165237971544923,
    0.4234870030780695,
    0.468678699888415
  ],
  "lr": [
    0.0001,
    9.997532801828658e-05,
    9.990133642141359e-05,
    9.977809823015401e-05,
    9.960573506572391e-05,
    9.93844170297569e-05,
    9.911436253643445e-05,
    9.879583809693738e-05,
    9.842915805643157e-05,
    9.801468428384717e-05,
    9.75528258147577e-05,
    9.70440384477113e-05,
    9.64888242944126e-05,
    9.588773128419907e-05,
    9.5241352623301e-05,
    9.455032620941843e-05,
    9.381533400219321e-05,
    9.303710135019722e-05,
    9.22163962751008e-05,
    9.135402871372814e-05,
    9.045084971874742e-05,
    8.950775061878456e-05,
    8.85256621387895e-05,
    8.750555348152302e-05,
    8.644843137107061e-05,
    8.53553390593274e-05,
    8.422735529643446e-05,
    8.306559326618262e-05,
    8.187119948743451e-05,
    8.064535268264886e-05
  ]
}